,Vsa.trajanja.projekta..pert.,Vse.variance.projekta..pert.,Povprecno.trajanje.projekta..pert.,Povprecna.varianca.projekta..pert.,Vzorec.najverjetnejših.trajanj.opravil.za.1..modifikacijo.1,Vzorec.najverjetnejših.trajanj.opravil.za.1..modifikacijo.2,Vzorec.najverjetnejših.trajanj.opravil.za.1..modifikacijo.3,Vzorec.najverjetnejših.trajanj.opravil.za.1..modifikacijo.4,Vzorec.najverjetnejših.trajanj.opravil.za.1..modifikacijo.5,Vzorec.najverjetnejših.trajanj.opravil.za.1..modifikacijo.6,Vzorec.najverjetnejših.trajanj.opravil.za.1..modifikacijo.7,Vzorec.najverjetnejših.trajanj.opravil.za.1..modifikacijo.8,Vzorec.najverjetnejših.trajanj.opravil.za.1..modifikacijo.9,Vzorec.najverjetnejših.trajanj.opravil.za.1..modifikacijo.10,Vzorec.najverjetnejših.trajanj.opravil.za.1..modifikacijo.11,Vzorec.najverjetnejših.trajanj.opravil.za.1..modifikacijo.12,Vzorec.najverjetnejših.trajanj.opravil.za.1..modifikacijo.13,Vzorec.najverjetnejših.trajanj.opravil.za.1..modifikacijo.14,Vzorec.najverjetnejših.trajanj.opravil.za.1..modifikacijo.15,Vzorec.najverjetnejših.trajanj.opravil.za.1..modifikacijo.16,Vzorec.najverjetnejših.trajanj.opravil.za.1..modifikacijo.17,Vzorec.najverjetnejših.trajanj.opravil.za.1..modifikacijo.18,Vzorec.najverjetnejših.trajanj.opravil.za.1..modifikacijo.19,Vzorec.najverjetnejših.trajanj.opravil.za.1..modifikacijo.20,Vzorec.najverjetnejših.trajanj.opravil.za.1..modifikacijo.21,Vzorec.najverjetnejših.trajanj.opravil.za.1..modifikacijo.22,Vzorec.najverjetnejših.trajanj.opravil.za.1..modifikacijo.23,Vzorec.najverjetnejših.trajanj.opravil.za.1..modifikacijo.24,Vzorec.najverjetnejših.trajanj.opravil.za.1..modifikacijo.25,Vzorec.najverjetnejših.trajanj.opravil.za.1..modifikacijo.26,Vzorec.najverjetnejših.trajanj.opravil.za.1..modifikacijo.27,Vzorec.najverjetnejših.trajanj.opravil.za.1..modifikacijo.28,Vzorec.najverjetnejših.trajanj.opravil.za.1..modifikacijo.29,Vzorec.najverjetnejših.trajanj.opravil.za.1..modifikacijo.30,Vzorec.najverjetnejših.trajanj.opravil.za.1..modifikacijo.31,Vzorec.najverjetnejših.trajanj.opravil.za.1..modifikacijo.32,Vzorec.najverjetnejših.trajanj.opravil.za.1..modifikacijo.33,Vzorec.najverjetnejših.trajanj.opravil.za.1..modifikacijo.34,Vzorec.najverjetnejših.trajanj.opravil.za.1..modifikacijo.35,Vzorec.najverjetnejših.trajanj.opravil.za.1..modifikacijo.36,Vzorec.najverjetnejših.trajanj.opravil.za.1..modifikacijo.37,Vzorec.najverjetnejših.trajanj.opravil.za.1..modifikacijo.38,Vzorec.najverjetnejših.trajanj.opravil.za.1..modifikacijo.39,Vzorec.najverjetnejših.trajanj.opravil.za.1..modifikacijo.40,Vzorec.najverjetnejših.trajanj.opravil.za.1..modifikacijo.41,Vzorec.najverjetnejših.trajanj.opravil.za.1..modifikacijo.42,Vzorec.najverjetnejših.trajanj.opravil.za.1..modifikacijo.43,Vzorec.najverjetnejših.trajanj.opravil.za.1..modifikacijo.44,Vzorec.najverjetnejših.trajanj.opravil.za.1..modifikacijo.45,Vzorec.najverjetnejših.trajanj.opravil.za.1..modifikacijo.46,Vzorec.najverjetnejših.trajanj.opravil.za.1..modifikacijo.47,Vzorec.najverjetnejših.trajanj.opravil.za.1..modifikacijo.48,Vzorec.najverjetnejših.trajanj.opravil.za.1..modifikacijo.49,Vzorec.najverjetnejših.trajanj.opravil.za.1..modifikacijo.50,Vzorec.najverjetnejših.trajanj.opravil.za.1..modifikacijo.51,Vzorec.najverjetnejših.trajanj.opravil.za.1..modifikacijo.52,Vzorec.najverjetnejših.trajanj.opravil.za.1..modifikacijo.53,Vzorec.najverjetnejših.trajanj.opravil.za.1..modifikacijo.54,Vzorec.najverjetnejših.trajanj.opravil.za.1..modifikacijo.55,Vzorec.najverjetnejših.trajanj.opravil.za.1..modifikacijo.56,Vzorec.najverjetnejših.trajanj.opravil.za.1..modifikacijo.57,Vzorec.najverjetnejših.trajanj.opravil.za.1..modifikacijo.58,Vzorec.najverjetnejših.trajanj.opravil.za.1..modifikacijo.59,Vzorec.najverjetnejših.trajanj.opravil.za.1..modifikacijo.60,Vzorec.najverjetnejših.trajanj.opravil.za.1..modifikacijo.61,Vzorec.najverjetnejših.trajanj.opravil.za.1..modifikacijo.62,Vzorec.najverjetnejših.trajanj.opravil.za.1..modifikacijo.63,Vzorec.najverjetnejših.trajanj.opravil.za.1..modifikacijo.64,Vzorec.najverjetnejših.trajanj.opravil.za.1..modifikacijo.65,Vzorec.najverjetnejših.trajanj.opravil.za.1..modifikacijo.66,Vzorec.najverjetnejših.trajanj.opravil.za.1..modifikacijo.67,Vzorec.najverjetnejših.trajanj.opravil.za.1..modifikacijo.68,Vzorec.najverjetnejših.trajanj.opravil.za.1..modifikacijo.69,Vzorec.najverjetnejših.trajanj.opravil.za.1..modifikacijo.70,Vzorec.najverjetnejših.trajanj.opravil.za.1..modifikacijo.71,Vzorec.najverjetnejših.trajanj.opravil.za.1..modifikacijo.72,Vzorec.najverjetnejših.trajanj.opravil.za.1..modifikacijo.73,Vzorec.najverjetnejših.trajanj.opravil.za.1..modifikacijo.74,Vzorec.najverjetnejših.trajanj.opravil.za.1..modifikacijo.75,Vzorec.najverjetnejših.trajanj.opravil.za.1..modifikacijo.76,Vzorec.najverjetnejših.trajanj.opravil.za.1..modifikacijo.77,Vzorec.najverjetnejših.trajanj.opravil.za.1..modifikacijo.78,Vzorec.najverjetnejših.trajanj.opravil.za.1..modifikacijo.79,Vzorec.najverjetnejših.trajanj.opravil.za.1..modifikacijo.80,Vzorec.najverjetnejših.trajanj.opravil.za.1..modifikacijo.81,Vzorec.najverjetnejših.trajanj.opravil.za.1..modifikacijo.82,Vzorec.najverjetnejših.trajanj.opravil.za.1..modifikacijo.83,Vzorec.najverjetnejših.trajanj.opravil.za.1..modifikacijo.84,Vzorec.najverjetnejših.trajanj.opravil.za.1..modifikacijo.85,Vzorec.najverjetnejših.trajanj.opravil.za.1..modifikacijo.86,Vzorec.najverjetnejših.trajanj.opravil.za.1..modifikacijo.87,Vzorec.najverjetnejših.trajanj.opravil.za.1..modifikacijo.88,Vzorec.najverjetnejših.trajanj.opravil.za.1..modifikacijo.89,Vzorec.najverjetnejših.trajanj.opravil.za.1..modifikacijo.90,Vzorec.najverjetnejših.trajanj.opravil.za.1..modifikacijo.91,Vzorec.najverjetnejših.trajanj.opravil.za.1..modifikacijo.92,Vzorec.najverjetnejših.trajanj.opravil.za.1..modifikacijo.93,Vzorec.najverjetnejših.trajanj.opravil.za.1..modifikacijo.94,Vzorec.najverjetnejših.trajanj.opravil.za.1..modifikacijo.95,Vzorec.najverjetnejših.trajanj.opravil.za.1..modifikacijo.96,Vzorec.najverjetnejših.trajanj.opravil.za.1..modifikacijo.97,Vzorec.najverjetnejših.trajanj.opravil.za.1..modifikacijo.98,Vzorec.najverjetnejših.trajanj.opravil.za.1..modifikacijo.99,Vzorec.najverjetnejših.trajanj.opravil.za.1..modifikacijo.100
1,61.28840428,25.88888889,57.96592782,25.88888889,10.91697218,10.37660512,13.22868386,11.32158735,12.48282334,12.94227769,12.8536794,11.86979704,11.71938145,10.92566632,11.4535961,12.58592522,12.8945519,11.14874221,12.58532244,11.23079978,12.45037956,11.28159191,11.26546005,11.42122776,11.2266993,12.83926508,10.85981997,11.52903302,11.27003921,12.72155653,12.64389273,10.46831679,12.50652401,12.56040052,11.7182724,13.20974472,11.54725496,12.28856361,12.86165838,12.77748931,10.14425234,11.73339798,10.94966947,10.48138036,12.31662424,12.96096255,10.85549303,13.2206137,9.949319621,12.01140607,10.94516198,11.80030541,13.19392712,10.46113464,12.8432239,13.16817625,11.94083748,11.10956618,11.57045296,12.69724184,12.35877578,11.97384307,11.24807886,12.49727032,12.74108953,12.14832828,11.75086669,11.38678428,12.12065807,11.65477056,11.70709455,11.38313045,11.29240541,10.18305671,11.7793221,12.57688921,9.77106976,11.29913275,10.68133476,11.37394791,12.61136749,10.91245494,11.87365888,10.67480741,13.01569193,12.20345574,11.12701083,12.30589129,11.65999424,12.69705641,9.840435177,10.79881378,11.17560082,9.755800361,11.44715958,11.42859832,11.86385173,12.66321148,10.57387055,11.00146424,10.96418082,12.00008949,10.81554901,10.66641376
2,52.75071718,25.88888889,,,13.53840125,12.91753111,12.58650007,14.89581748,16.44214571,15.25972499,12.81582564,17.73440209,15.55044137,11.74579262,15.03240013,14.59487565,13.74073332,13.92982141,15.6425316,16.94046113,16.19033304,14.65813935,13.57219194,13.15846833,12.73035171,12.02831623,15.32860216,13.1670277,14.72982778,16.98957507,13.17404096,12.68392018,14.30036545,12.07897156,13.66551367,13.24807803,16.12091249,12.87514661,14.51920362,13.00347173,12.99635028,16.60345299,14.31626878,13.63705812,12.69440976,14.30266334,14.04893838,11.76816091,13.82575031,15.49720972,14.59950216,14.72505534,16.47747213,16.78861683,14.11307109,13.96863705,14.19045213,11.85976371,17.72760167,16.82282558,12.2065017,13.98838782,14.55781274,12.75341938,17.43359196,13.40913866,13.05175394,14.67295986,13.09828435,17.34186141,15.32528743,13.66686817,14.84938007,14.28480506,14.92734,15.7849595,15.49649079,17.12203297,13.55409692,15.16171501,12.82872759,15.68890254,16.16948855,11.78570159,11.82433263,15.34779168,13.87494175,14.47235228,12.11820113,16.87522286,17.00664095,15.46450879,14.74974516,12.19172846,17.17623668,15.50727776,14.46038332,15.75568379,14.75580869,14.7791436,15.85502878,13.6360546,12.44130526,15.96483142
3,52.6666255,25.88888889,,,16.24349969,18.42492976,17.66473266,16.21015172,15.95244855,15.48056926,14.32341154,14.44198729,14.63804504,17.19829537,14.72512918,19.04831577,15.47442596,12.35885309,13.47095972,14.10662082,15.05440972,16.69478784,16.73820838,14.20571008,14.42252846,18.64270542,14.28686596,15.45970595,18.95728361,14.61249167,15.32856363,14.25098137,17.0443466,15.87817841,17.04513555,16.45093502,14.20131945,17.86665031,14.60639355,18.07551258,18.34254717,17.62976307,16.12017238,19.19131452,15.45862937,18.65979421,14.92604299,15.50953016,16.97541707,18.13835296,11.76752085,15.23128671,18.52517218,13.6734096,17.50943143,11.81179728,14.1686629,14.09499868,18.73690444,11.84486041,13.85729533,13.83447079,14.85259682,16.33144991,17.84762037,16.35529471,14.84847608,13.88952978,15.71466216,17.59948276,12.17777872,15.17102536,18.36651861,15.48969806,15.51416981,14.38658818,15.64525579,16.33485319,15.42493281,15.43728211,15.80303899,12.41733398,16.63653316,18.07297419,16.45433748,14.17917269,16.9835794,16.75785541,13.20736916,13.58352981,15.18202029,16.31481602,15.96281985,12.39646633,14.56623337,15.16141961,16.7512545,13.29232721,12.20842484,15.48290361,13.18847554,16.82405213,17.72822013,17.49779423
4,54.94494066,25.88888889,,,12.89956996,11.22850619,10.03696449,10.29087502,13.19494148,10.70121751,14.36550655,12.62660449,16.26503138,14.9614721,16.11872465,12.08856063,10.37876901,13.90276304,13.88937182,11.75094181,14.62898156,12.69191642,13.52352233,13.72316504,11.28369226,15.17182459,12.0715931,16.7717248,11.58938928,12.20406915,13.16867263,10.31000237,11.67661459,12.23765238,11.56992611,13.14482506,14.99132241,13.96701743,15.04094485,13.13043548,16.08987255,12.15787591,15.32705435,11.78602081,14.62981788,13.68167556,11.88523316,13.66131152,12.7639237,10.6098549,13.56728367,14.81318442,14.62894422,10.65890734,13.42991727,12.70772581,9.930960847,15.37560411,11.17209015,15.32573488,16.54803815,9.823833979,9.330033281,15.5815215,12.60077727,12.47597807,13.6792626,16.22116679,11.76478139,13.35533976,13.76328813,15.70694273,12.06703277,15.00768532,15.76035851,15.04399906,12.31545722,9.543258437,12.11513116,11.96713993,11.29962016,15.49082438,13.60742537,11.8992675,13.65642289,16.59949075,13.67722427,12.90530466,11.69374842,13.26761467,9.383985873,10.77204473,14.77051183,9.777120971,10.39872421,11.41782998,9.470109308,11.63295098,15.71503122,14.14338746,12.50263987,15.46005195,13.50451444,10.53173201
5,64.89416591,25.88888889,,,9.781081158,9.943571711,9.694866766,9.369663783,10.42762212,6.445586566,9.302697305,8.076533707,9.125704415,9.150538322,10.96558995,6.946145826,8.992858633,10.08154262,8.880554899,8.030187626,8.896624312,8.151812546,8.931055581,8.764987981,7.231703837,9.992520756,10.35146525,11.48611011,7.807318771,9.278253944,10.50878124,7.832666878,6.355232424,11.64239676,7.678106119,7.66648357,10.86486499,6.556733932,10.16044221,10.85346899,9.003276173,7.263735599,11.42556188,7.063049055,10.02188997,10.06295342,8.753752973,6.596547735,7.295729023,6.3779252,9.866056211,7.310432796,8.371647898,9.941348105,10.90381257,8.757217467,10.77015287,6.691215456,7.158932388,9.486968605,10.91733712,9.869970082,9.076195404,11.2964263,9.223790035,8.757305771,7.816780894,11.47088295,9.376773323,8.18581199,7.782110289,8.686701306,8.245099047,8.439666243,10.86505571,10.32210834,9.309429921,11.647162,8.609659318,8.101245508,7.634974364,8.403667877,8.905886305,8.210774144,7.868352139,8.354868617,11.54752396,8.081387216,8.561376121,8.033560476,6.761716426,11.08854266,8.27478996,7.521987758,7.462944351,6.159245341,11.96023712,11.88575593,10.3790844,8.764465715,8.947585085,7.407415922,7.275611972,7.706730349
6,57.03907334,25.88888889,,,14.39548895,9.286176914,9.103555442,12.82051126,11.85495367,9.468267772,8.096376589,11.67435634,7.941994392,10.56943601,8.373770803,6.463533558,9.095126859,12.80894034,10.18827599,9.825327067,10.69260199,14.09795425,10.67757806,9.497017398,9.476388657,8.343511652,12.98416864,9.988079791,7.814427084,9.424162869,8.761672018,8.13013031,9.200636131,11.10337856,11.06069546,9.543522186,11.16790031,9.438389384,11.52384158,9.098059677,12.4297037,9.218021387,9.843447491,10.9670841,10.25483285,10.22898954,14.46164358,11.58470214,11.51933611,13.480756,12.68612911,9.228245329,10.75732873,9.699546092,12.33854692,9.021236115,10.73071946,8.329696736,8.105525059,8.889223712,10.06800389,9.207733856,9.674737659,13.5098157,13.43210571,8.927087083,9.778148548,9.481737165,9.602004577,7.249105223,9.491362282,9.423958137,9.379445443,12.31491851,8.733662894,8.960285332,11.86494962,8.649512422,13.26830761,13.38913778,8.111837591,13.36358953,11.31760506,11.01450111,11.19766966,12.88800407,6.752636511,11.20763153,13.63923386,6.586416997,11.51901069,6.610407018,12.68576102,7.409160822,7.686901995,14.73030629,12.55757764,9.966387496,14.06013356,10.29033141,8.438090191,7.321345559,10.7577513,10.50494534
7,59.00539439,25.88888889,,,11.75934346,10.75032579,8.625771353,11.94895734,8.692590894,9.980031893,11.47506098,11.21663642,11.41791342,13.3524845,9.859536522,11.99519581,11.73685057,11.89269144,10.26837933,13.27582434,8.81367107,10.99552012,12.67469759,9.094903958,10.71753242,10.49634482,12.30460968,11.65816612,10.04243447,10.49043867,9.063108326,11.54543217,11.28865808,9.549918737,11.98903617,10.37078231,12.65210846,10.77904257,12.82999779,11.46171848,9.066473874,9.809287401,12.39959978,10.85045312,10.64137361,10.25672822,10.67898265,11.36297668,10.69414136,10.77591201,12.57448029,10.97096404,9.504197735,10.05206518,10.24883041,10.74463223,11.70488469,10.49909004,11.09677258,9.559806999,9.851366125,10.85429788,8.941076482,13.45135405,10.57251601,9.330932575,13.35456911,11.85195232,8.773131797,12.05230443,12.30661706,12.04577907,10.96548118,13.34512363,13.3974457,8.86879081,10.84163193,10.1195904,11.44355491,10.55048286,10.98402979,9.141106487,12.04366599,13.14045207,12.12767208,11.24071789,9.909145237,9.146263645,9.670466731,9.700813254,13.41822467,10.60175227,11.37633069,11.78181279,8.964493432,10.14837455,10.61677694,11.23597696,12.18125521,10.87258621,10.08450964,8.650262107,10.44769373,13.01015434
8,67.63626693,25.88888889,,,8.715870865,10.25421856,9.044265269,6.379914388,9.195760221,8.907817051,10.62265762,11.32204024,8.626225607,8.02257331,8.69972218,6.048072722,7.315163558,8.133978079,9.999638708,6.890522453,8.832264035,8.396331806,8.770407726,8.706068988,6.099746582,11.49538682,6.010878228,8.771349703,6.182128504,8.475111577,8.144796085,6.447040691,6.457195354,6.501658085,9.227651097,9.698103822,11.188454,6.204749262,7.972238538,8.203365892,9.570602933,8.54884235,8.413168464,6.963729244,11.35664237,8.131342975,9.476815737,5.593480082,10.09733901,11.60963706,6.307351901,8.580122325,5.266738342,7.652550167,8.82337388,8.965413507,8.314668324,7.586222039,8.127736957,5.564755956,8.016346249,10.14782507,8.796715507,9.637259791,8.903361625,8.589340516,7.878813646,7.987590005,10.24376631,8.429311406,7.001167003,6.041024127,7.283000494,6.429533796,8.212665147,9.362088974,7.684706102,9.275470536,8.390013291,7.471894471,8.66992683,11.16364372,9.21728758,10.07348599,8.470163086,8.366709593,8.227399093,9.259396335,8.933135539,8.00577039,9.148491462,9.449352312,10.53246699,9.49170571,6.195419245,8.049646711,7.044342187,10.7923673,8.197623687,7.813977635,10.27632489,11.74358231,7.722908637,8.755900488
9,60.80409893,25.88888889,,,13.82008332,16.79280808,16.56185921,14.02909448,15.48403013,14.90936514,10.52406252,16.13396312,11.7747586,15.01419862,14.46091274,15.39541094,14.08865726,14.94579204,10.84978866,16.35030994,14.62251817,16.68971068,19.07953477,15.3368772,13.21930239,15.62784157,12.55712519,14.6557976,13.3478361,12.50366762,18.4394057,13.56270749,11.78359182,10.81553484,10.7223234,15.07608793,18.0633721,13.27753971,12.979986,17.80582282,17.63373053,14.91080197,11.11296149,14.31312165,10.49712139,13.73882285,16.33283999,13.15412537,13.82597401,15.6930288,13.71650946,13.73207183,17.73306701,14.19650898,18.15680499,15.1614343,15.7053801,15.13038528,14.89848302,14.36445072,12.18709722,17.31748055,16.39923246,12.61708716,17.1227482,18.65172187,14.91882121,14.50390211,14.92383641,15.48557689,13.43904243,15.89656877,10.08196626,15.48122076,16.55805564,14.76572836,13.57846115,11.2727466,12.44528932,16.67735915,14.52944715,12.18596486,13.35605778,16.67822042,12.72564467,15.2834565,12.04095344,14.45634991,14.68025017,12.41873918,14.30013071,17.43484237,17.05019197,9.881432225,11.08468651,19.08356625,18.11252968,16.41869966,19.23581287,14.32726408,15.38737268,14.3227171,15.88609643,13.93596373
10,55.63325381,25.88888889,,,8.810727782,13.09340274,10.36614404,12.99035241,11.00882754,13.67997762,12.5033308,12.88425117,9.923384754,10.80894946,12.21066301,11.1907889,12.43323372,11.80251818,14.05189946,10.56218737,12.87382356,14.46808398,14.0498563,14.39129948,11.59624895,14.22275484,12.25225564,10.79819406,14.32500939,14.25739081,10.57374086,11.1979066,10.64791867,14.6067091,11.35806528,12.05061265,11.33050739,13.29522781,11.69063332,10.45054394,11.17480049,11.20810616,12.45449742,9.358041744,13.79755899,12.67918884,11.64177045,13.31879203,8.830065473,8.779551683,13.66133599,11.44234447,9.118896544,8.939742633,11.27579148,12.17201745,11.55380173,11.82313917,11.67501393,11.6543472,12.96890845,11.27234399,11.86538121,13.79885848,11.20120124,8.642515776,11.78118746,14.42782904,11.56371577,13.21072458,12.9542973,12.76242994,11.40874923,14.04211941,12.92648351,12.05500961,8.640996401,12.31919572,12.32403319,10.63506685,12.41618141,13.59556835,8.553139624,11.87062782,8.767211108,11.73826141,11.53739555,13.92356302,12.47484609,9.898195438,8.992130998,12.36829357,12.10846937,9.999655993,8.98307495,14.21688699,10.49697832,10.80940885,13.33921047,8.97833362,11.01054494,11.4410682,10.74801023,10.89458661
11,60.23761848,25.88888889,,,,,,,,,,,,,,,,,,,,,,,,,,,,,,,,,,,,,,,,,,,,,,,,,,,,,,,,,,,,,,,,,,,,,,,,,,,,,,,,,,,,,,,,,,,,,,,,,,,,,,
12,49.70795705,25.88888889,,,,,,,,,,,,,,,,,,,,,,,,,,,,,,,,,,,,,,,,,,,,,,,,,,,,,,,,,,,,,,,,,,,,,,,,,,,,,,,,,,,,,,,,,,,,,,,,,,,,,,
13,51.89912619,25.88888889,,,,,,,,,,,,,,,,,,,,,,,,,,,,,,,,,,,,,,,,,,,,,,,,,,,,,,,,,,,,,,,,,,,,,,,,,,,,,,,,,,,,,,,,,,,,,,,,,,,,,,
14,60.5656601,25.88888889,,,,,,,,,,,,,,,,,,,,,,,,,,,,,,,,,,,,,,,,,,,,,,,,,,,,,,,,,,,,,,,,,,,,,,,,,,,,,,,,,,,,,,,,,,,,,,,,,,,,,,
15,63.74018741,25.88888889,,,,,,,,,,,,,,,,,,,,,,,,,,,,,,,,,,,,,,,,,,,,,,,,,,,,,,,,,,,,,,,,,,,,,,,,,,,,,,,,,,,,,,,,,,,,,,,,,,,,,,
16,56.18406965,25.88888889,,,,,,,,,,,,,,,,,,,,,,,,,,,,,,,,,,,,,,,,,,,,,,,,,,,,,,,,,,,,,,,,,,,,,,,,,,,,,,,,,,,,,,,,,,,,,,,,,,,,,,
17,64.39274692,25.88888889,,,,,,,,,,,,,,,,,,,,,,,,,,,,,,,,,,,,,,,,,,,,,,,,,,,,,,,,,,,,,,,,,,,,,,,,,,,,,,,,,,,,,,,,,,,,,,,,,,,,,,
18,62.16791164,25.88888889,,,,,,,,,,,,,,,,,,,,,,,,,,,,,,,,,,,,,,,,,,,,,,,,,,,,,,,,,,,,,,,,,,,,,,,,,,,,,,,,,,,,,,,,,,,,,,,,,,,,,,
19,57.74554682,25.88888889,,,,,,,,,,,,,,,,,,,,,,,,,,,,,,,,,,,,,,,,,,,,,,,,,,,,,,,,,,,,,,,,,,,,,,,,,,,,,,,,,,,,,,,,,,,,,,,,,,,,,,
20,56.00793001,25.88888889,,,,,,,,,,,,,,,,,,,,,,,,,,,,,,,,,,,,,,,,,,,,,,,,,,,,,,,,,,,,,,,,,,,,,,,,,,,,,,,,,,,,,,,,,,,,,,,,,,,,,,
21,48.42250467,25.88888889,,,,,,,,,,,,,,,,,,,,,,,,,,,,,,,,,,,,,,,,,,,,,,,,,,,,,,,,,,,,,,,,,,,,,,,,,,,,,,,,,,,,,,,,,,,,,,,,,,,,,,
22,60.50440584,25.88888889,,,,,,,,,,,,,,,,,,,,,,,,,,,,,,,,,,,,,,,,,,,,,,,,,,,,,,,,,,,,,,,,,,,,,,,,,,,,,,,,,,,,,,,,,,,,,,,,,,,,,,
23,57.00674947,25.88888889,,,,,,,,,,,,,,,,,,,,,,,,,,,,,,,,,,,,,,,,,,,,,,,,,,,,,,,,,,,,,,,,,,,,,,,,,,,,,,,,,,,,,,,,,,,,,,,,,,,,,,
24,60.96962001,25.88888889,,,,,,,,,,,,,,,,,,,,,,,,,,,,,,,,,,,,,,,,,,,,,,,,,,,,,,,,,,,,,,,,,,,,,,,,,,,,,,,,,,,,,,,,,,,,,,,,,,,,,,
25,49.44774915,25.88888889,,,,,,,,,,,,,,,,,,,,,,,,,,,,,,,,,,,,,,,,,,,,,,,,,,,,,,,,,,,,,,,,,,,,,,,,,,,,,,,,,,,,,,,,,,,,,,,,,,,,,,
26,60.41930026,25.88888889,,,,,,,,,,,,,,,,,,,,,,,,,,,,,,,,,,,,,,,,,,,,,,,,,,,,,,,,,,,,,,,,,,,,,,,,,,,,,,,,,,,,,,,,,,,,,,,,,,,,,,
27,55.19076589,25.88888889,,,,,,,,,,,,,,,,,,,,,,,,,,,,,,,,,,,,,,,,,,,,,,,,,,,,,,,,,,,,,,,,,,,,,,,,,,,,,,,,,,,,,,,,,,,,,,,,,,,,,,
28,44.71921378,25.88888889,,,,,,,,,,,,,,,,,,,,,,,,,,,,,,,,,,,,,,,,,,,,,,,,,,,,,,,,,,,,,,,,,,,,,,,,,,,,,,,,,,,,,,,,,,,,,,,,,,,,,,
29,52.85511405,25.88888889,,,,,,,,,,,,,,,,,,,,,,,,,,,,,,,,,,,,,,,,,,,,,,,,,,,,,,,,,,,,,,,,,,,,,,,,,,,,,,,,,,,,,,,,,,,,,,,,,,,,,,
30,53.3094148,25.88888889,,,,,,,,,,,,,,,,,,,,,,,,,,,,,,,,,,,,,,,,,,,,,,,,,,,,,,,,,,,,,,,,,,,,,,,,,,,,,,,,,,,,,,,,,,,,,,,,,,,,,,
31,56.98941164,25.88888889,,,,,,,,,,,,,,,,,,,,,,,,,,,,,,,,,,,,,,,,,,,,,,,,,,,,,,,,,,,,,,,,,,,,,,,,,,,,,,,,,,,,,,,,,,,,,,,,,,,,,,
32,59.12569842,25.88888889,,,,,,,,,,,,,,,,,,,,,,,,,,,,,,,,,,,,,,,,,,,,,,,,,,,,,,,,,,,,,,,,,,,,,,,,,,,,,,,,,,,,,,,,,,,,,,,,,,,,,,
33,67.35445889,25.88888889,,,,,,,,,,,,,,,,,,,,,,,,,,,,,,,,,,,,,,,,,,,,,,,,,,,,,,,,,,,,,,,,,,,,,,,,,,,,,,,,,,,,,,,,,,,,,,,,,,,,,,
34,53.69848839,25.88888889,,,,,,,,,,,,,,,,,,,,,,,,,,,,,,,,,,,,,,,,,,,,,,,,,,,,,,,,,,,,,,,,,,,,,,,,,,,,,,,,,,,,,,,,,,,,,,,,,,,,,,
35,63.22384929,25.88888889,,,,,,,,,,,,,,,,,,,,,,,,,,,,,,,,,,,,,,,,,,,,,,,,,,,,,,,,,,,,,,,,,,,,,,,,,,,,,,,,,,,,,,,,,,,,,,,,,,,,,,
36,55.61709612,25.88888889,,,,,,,,,,,,,,,,,,,,,,,,,,,,,,,,,,,,,,,,,,,,,,,,,,,,,,,,,,,,,,,,,,,,,,,,,,,,,,,,,,,,,,,,,,,,,,,,,,,,,,
37,62.30770907,25.88888889,,,,,,,,,,,,,,,,,,,,,,,,,,,,,,,,,,,,,,,,,,,,,,,,,,,,,,,,,,,,,,,,,,,,,,,,,,,,,,,,,,,,,,,,,,,,,,,,,,,,,,
38,58.34878749,25.88888889,,,,,,,,,,,,,,,,,,,,,,,,,,,,,,,,,,,,,,,,,,,,,,,,,,,,,,,,,,,,,,,,,,,,,,,,,,,,,,,,,,,,,,,,,,,,,,,,,,,,,,
39,59.13281142,25.88888889,,,,,,,,,,,,,,,,,,,,,,,,,,,,,,,,,,,,,,,,,,,,,,,,,,,,,,,,,,,,,,,,,,,,,,,,,,,,,,,,,,,,,,,,,,,,,,,,,,,,,,
40,52.44703019,25.88888889,,,,,,,,,,,,,,,,,,,,,,,,,,,,,,,,,,,,,,,,,,,,,,,,,,,,,,,,,,,,,,,,,,,,,,,,,,,,,,,,,,,,,,,,,,,,,,,,,,,,,,
41,62.33643613,25.88888889,,,,,,,,,,,,,,,,,,,,,,,,,,,,,,,,,,,,,,,,,,,,,,,,,,,,,,,,,,,,,,,,,,,,,,,,,,,,,,,,,,,,,,,,,,,,,,,,,,,,,,
42,59.74084527,25.88888889,,,,,,,,,,,,,,,,,,,,,,,,,,,,,,,,,,,,,,,,,,,,,,,,,,,,,,,,,,,,,,,,,,,,,,,,,,,,,,,,,,,,,,,,,,,,,,,,,,,,,,
43,61.63749851,25.88888889,,,,,,,,,,,,,,,,,,,,,,,,,,,,,,,,,,,,,,,,,,,,,,,,,,,,,,,,,,,,,,,,,,,,,,,,,,,,,,,,,,,,,,,,,,,,,,,,,,,,,,
44,55.10435779,25.88888889,,,,,,,,,,,,,,,,,,,,,,,,,,,,,,,,,,,,,,,,,,,,,,,,,,,,,,,,,,,,,,,,,,,,,,,,,,,,,,,,,,,,,,,,,,,,,,,,,,,,,,
45,58.20755834,25.88888889,,,,,,,,,,,,,,,,,,,,,,,,,,,,,,,,,,,,,,,,,,,,,,,,,,,,,,,,,,,,,,,,,,,,,,,,,,,,,,,,,,,,,,,,,,,,,,,,,,,,,,
46,64.94515167,25.88888889,,,,,,,,,,,,,,,,,,,,,,,,,,,,,,,,,,,,,,,,,,,,,,,,,,,,,,,,,,,,,,,,,,,,,,,,,,,,,,,,,,,,,,,,,,,,,,,,,,,,,,
47,58.14057177,25.88888889,,,,,,,,,,,,,,,,,,,,,,,,,,,,,,,,,,,,,,,,,,,,,,,,,,,,,,,,,,,,,,,,,,,,,,,,,,,,,,,,,,,,,,,,,,,,,,,,,,,,,,
48,59.5292171,25.88888889,,,,,,,,,,,,,,,,,,,,,,,,,,,,,,,,,,,,,,,,,,,,,,,,,,,,,,,,,,,,,,,,,,,,,,,,,,,,,,,,,,,,,,,,,,,,,,,,,,,,,,
49,61.09921404,25.88888889,,,,,,,,,,,,,,,,,,,,,,,,,,,,,,,,,,,,,,,,,,,,,,,,,,,,,,,,,,,,,,,,,,,,,,,,,,,,,,,,,,,,,,,,,,,,,,,,,,,,,,
50,54.34767343,25.88888889,,,,,,,,,,,,,,,,,,,,,,,,,,,,,,,,,,,,,,,,,,,,,,,,,,,,,,,,,,,,,,,,,,,,,,,,,,,,,,,,,,,,,,,,,,,,,,,,,,,,,,
51,62.73084408,25.88888889,,,,,,,,,,,,,,,,,,,,,,,,,,,,,,,,,,,,,,,,,,,,,,,,,,,,,,,,,,,,,,,,,,,,,,,,,,,,,,,,,,,,,,,,,,,,,,,,,,,,,,
52,57.77491831,25.88888889,,,,,,,,,,,,,,,,,,,,,,,,,,,,,,,,,,,,,,,,,,,,,,,,,,,,,,,,,,,,,,,,,,,,,,,,,,,,,,,,,,,,,,,,,,,,,,,,,,,,,,
53,54.14351766,25.88888889,,,,,,,,,,,,,,,,,,,,,,,,,,,,,,,,,,,,,,,,,,,,,,,,,,,,,,,,,,,,,,,,,,,,,,,,,,,,,,,,,,,,,,,,,,,,,,,,,,,,,,
54,53.01447037,25.88888889,,,,,,,,,,,,,,,,,,,,,,,,,,,,,,,,,,,,,,,,,,,,,,,,,,,,,,,,,,,,,,,,,,,,,,,,,,,,,,,,,,,,,,,,,,,,,,,,,,,,,,
55,56.27120905,25.88888889,,,,,,,,,,,,,,,,,,,,,,,,,,,,,,,,,,,,,,,,,,,,,,,,,,,,,,,,,,,,,,,,,,,,,,,,,,,,,,,,,,,,,,,,,,,,,,,,,,,,,,
56,59.73304263,25.88888889,,,,,,,,,,,,,,,,,,,,,,,,,,,,,,,,,,,,,,,,,,,,,,,,,,,,,,,,,,,,,,,,,,,,,,,,,,,,,,,,,,,,,,,,,,,,,,,,,,,,,,
57,59.59688768,25.88888889,,,,,,,,,,,,,,,,,,,,,,,,,,,,,,,,,,,,,,,,,,,,,,,,,,,,,,,,,,,,,,,,,,,,,,,,,,,,,,,,,,,,,,,,,,,,,,,,,,,,,,
58,54.18883173,25.88888889,,,,,,,,,,,,,,,,,,,,,,,,,,,,,,,,,,,,,,,,,,,,,,,,,,,,,,,,,,,,,,,,,,,,,,,,,,,,,,,,,,,,,,,,,,,,,,,,,,,,,,
59,52.14317072,25.88888889,,,,,,,,,,,,,,,,,,,,,,,,,,,,,,,,,,,,,,,,,,,,,,,,,,,,,,,,,,,,,,,,,,,,,,,,,,,,,,,,,,,,,,,,,,,,,,,,,,,,,,
60,65.97238226,25.88888889,,,,,,,,,,,,,,,,,,,,,,,,,,,,,,,,,,,,,,,,,,,,,,,,,,,,,,,,,,,,,,,,,,,,,,,,,,,,,,,,,,,,,,,,,,,,,,,,,,,,,,
61,67.4812348,25.88888889,,,,,,,,,,,,,,,,,,,,,,,,,,,,,,,,,,,,,,,,,,,,,,,,,,,,,,,,,,,,,,,,,,,,,,,,,,,,,,,,,,,,,,,,,,,,,,,,,,,,,,
62,54.73316348,25.88888889,,,,,,,,,,,,,,,,,,,,,,,,,,,,,,,,,,,,,,,,,,,,,,,,,,,,,,,,,,,,,,,,,,,,,,,,,,,,,,,,,,,,,,,,,,,,,,,,,,,,,,
63,55.51846056,25.88888889,,,,,,,,,,,,,,,,,,,,,,,,,,,,,,,,,,,,,,,,,,,,,,,,,,,,,,,,,,,,,,,,,,,,,,,,,,,,,,,,,,,,,,,,,,,,,,,,,,,,,,
64,60.33365079,25.88888889,,,,,,,,,,,,,,,,,,,,,,,,,,,,,,,,,,,,,,,,,,,,,,,,,,,,,,,,,,,,,,,,,,,,,,,,,,,,,,,,,,,,,,,,,,,,,,,,,,,,,,
65,56.43932626,25.88888889,,,,,,,,,,,,,,,,,,,,,,,,,,,,,,,,,,,,,,,,,,,,,,,,,,,,,,,,,,,,,,,,,,,,,,,,,,,,,,,,,,,,,,,,,,,,,,,,,,,,,,
66,58.04051783,25.88888889,,,,,,,,,,,,,,,,,,,,,,,,,,,,,,,,,,,,,,,,,,,,,,,,,,,,,,,,,,,,,,,,,,,,,,,,,,,,,,,,,,,,,,,,,,,,,,,,,,,,,,
67,57.05093251,25.88888889,,,,,,,,,,,,,,,,,,,,,,,,,,,,,,,,,,,,,,,,,,,,,,,,,,,,,,,,,,,,,,,,,,,,,,,,,,,,,,,,,,,,,,,,,,,,,,,,,,,,,,
68,55.6292315,25.88888889,,,,,,,,,,,,,,,,,,,,,,,,,,,,,,,,,,,,,,,,,,,,,,,,,,,,,,,,,,,,,,,,,,,,,,,,,,,,,,,,,,,,,,,,,,,,,,,,,,,,,,
69,53.82835226,25.88888889,,,,,,,,,,,,,,,,,,,,,,,,,,,,,,,,,,,,,,,,,,,,,,,,,,,,,,,,,,,,,,,,,,,,,,,,,,,,,,,,,,,,,,,,,,,,,,,,,,,,,,
70,58.29333253,25.88888889,,,,,,,,,,,,,,,,,,,,,,,,,,,,,,,,,,,,,,,,,,,,,,,,,,,,,,,,,,,,,,,,,,,,,,,,,,,,,,,,,,,,,,,,,,,,,,,,,,,,,,
71,59.88446485,25.88888889,,,,,,,,,,,,,,,,,,,,,,,,,,,,,,,,,,,,,,,,,,,,,,,,,,,,,,,,,,,,,,,,,,,,,,,,,,,,,,,,,,,,,,,,,,,,,,,,,,,,,,
72,62.97096278,25.88888889,,,,,,,,,,,,,,,,,,,,,,,,,,,,,,,,,,,,,,,,,,,,,,,,,,,,,,,,,,,,,,,,,,,,,,,,,,,,,,,,,,,,,,,,,,,,,,,,,,,,,,
73,56.84356466,25.88888889,,,,,,,,,,,,,,,,,,,,,,,,,,,,,,,,,,,,,,,,,,,,,,,,,,,,,,,,,,,,,,,,,,,,,,,,,,,,,,,,,,,,,,,,,,,,,,,,,,,,,,
74,55.18587615,25.88888889,,,,,,,,,,,,,,,,,,,,,,,,,,,,,,,,,,,,,,,,,,,,,,,,,,,,,,,,,,,,,,,,,,,,,,,,,,,,,,,,,,,,,,,,,,,,,,,,,,,,,,
75,58.01184498,25.88888889,,,,,,,,,,,,,,,,,,,,,,,,,,,,,,,,,,,,,,,,,,,,,,,,,,,,,,,,,,,,,,,,,,,,,,,,,,,,,,,,,,,,,,,,,,,,,,,,,,,,,,
76,59.81844681,25.88888889,,,,,,,,,,,,,,,,,,,,,,,,,,,,,,,,,,,,,,,,,,,,,,,,,,,,,,,,,,,,,,,,,,,,,,,,,,,,,,,,,,,,,,,,,,,,,,,,,,,,,,
77,52.02863955,25.88888889,,,,,,,,,,,,,,,,,,,,,,,,,,,,,,,,,,,,,,,,,,,,,,,,,,,,,,,,,,,,,,,,,,,,,,,,,,,,,,,,,,,,,,,,,,,,,,,,,,,,,,
78,69.49255346,25.88888889,,,,,,,,,,,,,,,,,,,,,,,,,,,,,,,,,,,,,,,,,,,,,,,,,,,,,,,,,,,,,,,,,,,,,,,,,,,,,,,,,,,,,,,,,,,,,,,,,,,,,,
79,63.58062059,25.88888889,,,,,,,,,,,,,,,,,,,,,,,,,,,,,,,,,,,,,,,,,,,,,,,,,,,,,,,,,,,,,,,,,,,,,,,,,,,,,,,,,,,,,,,,,,,,,,,,,,,,,,
80,54.59701814,25.88888889,,,,,,,,,,,,,,,,,,,,,,,,,,,,,,,,,,,,,,,,,,,,,,,,,,,,,,,,,,,,,,,,,,,,,,,,,,,,,,,,,,,,,,,,,,,,,,,,,,,,,,
81,58.21904026,25.88888889,,,,,,,,,,,,,,,,,,,,,,,,,,,,,,,,,,,,,,,,,,,,,,,,,,,,,,,,,,,,,,,,,,,,,,,,,,,,,,,,,,,,,,,,,,,,,,,,,,,,,,
82,67.87393577,25.88888889,,,,,,,,,,,,,,,,,,,,,,,,,,,,,,,,,,,,,,,,,,,,,,,,,,,,,,,,,,,,,,,,,,,,,,,,,,,,,,,,,,,,,,,,,,,,,,,,,,,,,,
83,52.21228326,25.88888889,,,,,,,,,,,,,,,,,,,,,,,,,,,,,,,,,,,,,,,,,,,,,,,,,,,,,,,,,,,,,,,,,,,,,,,,,,,,,,,,,,,,,,,,,,,,,,,,,,,,,,
84,60.86743479,25.88888889,,,,,,,,,,,,,,,,,,,,,,,,,,,,,,,,,,,,,,,,,,,,,,,,,,,,,,,,,,,,,,,,,,,,,,,,,,,,,,,,,,,,,,,,,,,,,,,,,,,,,,
85,58.05908425,25.88888889,,,,,,,,,,,,,,,,,,,,,,,,,,,,,,,,,,,,,,,,,,,,,,,,,,,,,,,,,,,,,,,,,,,,,,,,,,,,,,,,,,,,,,,,,,,,,,,,,,,,,,
86,57.24277511,25.88888889,,,,,,,,,,,,,,,,,,,,,,,,,,,,,,,,,,,,,,,,,,,,,,,,,,,,,,,,,,,,,,,,,,,,,,,,,,,,,,,,,,,,,,,,,,,,,,,,,,,,,,
87,56.53141888,25.88888889,,,,,,,,,,,,,,,,,,,,,,,,,,,,,,,,,,,,,,,,,,,,,,,,,,,,,,,,,,,,,,,,,,,,,,,,,,,,,,,,,,,,,,,,,,,,,,,,,,,,,,
88,51.46016883,25.88888889,,,,,,,,,,,,,,,,,,,,,,,,,,,,,,,,,,,,,,,,,,,,,,,,,,,,,,,,,,,,,,,,,,,,,,,,,,,,,,,,,,,,,,,,,,,,,,,,,,,,,,
89,65.88544777,25.88888889,,,,,,,,,,,,,,,,,,,,,,,,,,,,,,,,,,,,,,,,,,,,,,,,,,,,,,,,,,,,,,,,,,,,,,,,,,,,,,,,,,,,,,,,,,,,,,,,,,,,,,
90,45.50068843,25.88888889,,,,,,,,,,,,,,,,,,,,,,,,,,,,,,,,,,,,,,,,,,,,,,,,,,,,,,,,,,,,,,,,,,,,,,,,,,,,,,,,,,,,,,,,,,,,,,,,,,,,,,
91,51.20592228,25.88888889,,,,,,,,,,,,,,,,,,,,,,,,,,,,,,,,,,,,,,,,,,,,,,,,,,,,,,,,,,,,,,,,,,,,,,,,,,,,,,,,,,,,,,,,,,,,,,,,,,,,,,
92,62.17821209,25.88888889,,,,,,,,,,,,,,,,,,,,,,,,,,,,,,,,,,,,,,,,,,,,,,,,,,,,,,,,,,,,,,,,,,,,,,,,,,,,,,,,,,,,,,,,,,,,,,,,,,,,,,
93,54.52835224,25.88888889,,,,,,,,,,,,,,,,,,,,,,,,,,,,,,,,,,,,,,,,,,,,,,,,,,,,,,,,,,,,,,,,,,,,,,,,,,,,,,,,,,,,,,,,,,,,,,,,,,,,,,
94,61.74746808,25.88888889,,,,,,,,,,,,,,,,,,,,,,,,,,,,,,,,,,,,,,,,,,,,,,,,,,,,,,,,,,,,,,,,,,,,,,,,,,,,,,,,,,,,,,,,,,,,,,,,,,,,,,
95,65.06995694,25.88888889,,,,,,,,,,,,,,,,,,,,,,,,,,,,,,,,,,,,,,,,,,,,,,,,,,,,,,,,,,,,,,,,,,,,,,,,,,,,,,,,,,,,,,,,,,,,,,,,,,,,,,
96,58.03773913,25.88888889,,,,,,,,,,,,,,,,,,,,,,,,,,,,,,,,,,,,,,,,,,,,,,,,,,,,,,,,,,,,,,,,,,,,,,,,,,,,,,,,,,,,,,,,,,,,,,,,,,,,,,
97,58.04835272,25.88888889,,,,,,,,,,,,,,,,,,,,,,,,,,,,,,,,,,,,,,,,,,,,,,,,,,,,,,,,,,,,,,,,,,,,,,,,,,,,,,,,,,,,,,,,,,,,,,,,,,,,,,
98,60.88149853,25.88888889,,,,,,,,,,,,,,,,,,,,,,,,,,,,,,,,,,,,,,,,,,,,,,,,,,,,,,,,,,,,,,,,,,,,,,,,,,,,,,,,,,,,,,,,,,,,,,,,,,,,,,
99,54.32270486,25.88888889,,,,,,,,,,,,,,,,,,,,,,,,,,,,,,,,,,,,,,,,,,,,,,,,,,,,,,,,,,,,,,,,,,,,,,,,,,,,,,,,,,,,,,,,,,,,,,,,,,,,,,
100,55.89843068,25.88888889,,,,,,,,,,,,,,,,,,,,,,,,,,,,,,,,,,,,,,,,,,,,,,,,,,,,,,,,,,,,,,,,,,,,,,,,,,,,,,,,,,,,,,,,,,,,,,,,,,,,,,
